EPISODE,TURN COUNT,REWARD,REWARD RATE,EPSILON
0,227,48,0.21145374449339208,0.75
1,398,239,0.6005025125628141,0.6747425010840047
2,1687,866,0.5133372851215174,0.6307196863200843
3,1083,561,0.518005540166205,0.5994850021680094
4,237,68,0.2869198312236287,0.5752574989159953
5,293,76,0.2593856655290102,0.555462187404089
6,586,217,0.3703071672354949,0.5387254899964358
7,199,43,0.21608040201005024,0.5242275032520141
8,545,192,0.3522935779816514,0.5114393726401687
9,361,87,0.2409972299168975,0.5
10,381,102,0.2677165354330709,0.4896518287104437
11,131,14,0.10687022900763359,0.4802046884880938
12,160,12,0.075,0.4715141619232908
13,283,82,0.28975265017667845,0.4634679910804405
14,73,21,0.2876712328767123,0.45597718523607966
15,332,130,0.39156626506024095,0.4489700043360188
16,167,22,0.1317365269461078,0.44238776965543153
17,1003,552,0.5503489531405783,0.4361818737241735
18,126,6,0.047619047619047616,0.4303115997617928
19,95,3,0.031578947368421054,0.4247425010840047
20,74,0,0.0,0.4194451763165202
21,392,110,0.28061224489795916,0.4143943297944484
22,1070,426,0.3981308411214953,0.4095680409956018
23,104,9,0.08653846153846154,0.40494718957209846
24,90,8,0.08888888888888889,0.4005149978319906
25,355,96,0.2704225352112676,0.39625666300729545
26,177,31,0.1751412429378531,0.39215905896025316
27,208,45,0.21634615384615385,0.3882104921644452
28,188,23,0.12234042553191489,0.384400500525261
29,108,4,0.037037037037037035,0.38071968632008435
30,475,187,0.3936842105263158,0.37715957654143184
31,275,95,0.34545454545454546,0.3737125054200235
32,227,29,0.1277533039647577,0.3703715150305281
33,320,79,0.246875,0.36713027073943616
34,147,15,0.10204081632653061,0.3639829889124311
35,284,56,0.19718309859154928,0.3609243748081782
36,54,0,0.0,0.35794956898325125
37,350,72,0.2057142857142857,0.35505410084579747
38,207,47,0.22705314009661837,0.35223384824337517
39,145,9,0.06206896551724138,0.3494850021680094
40,1474,534,0.3622795115332429,0.3468040358200661
41,135,52,0.3851851851851852,0.3441876774005248
42,302,77,0.25496688741721857,0.34163288610510334
43,255,38,0.14901960784313725,0.33913683087845314
44,364,68,0.18681318681318682,0.33669687155616407
45,183,38,0.20765027322404372,0.3343105420796064
46,226,19,0.084070796460177,0.3319755355160706
47,978,391,0.3997955010224949,0.3296896906561032
48,224,34,0.15178571428571427,0.3274509799928716
49,168,18,0.10714285714285714,0.3252574989159953
50,252,38,0.15079365079365079,0.3231074559755159
51,372,110,0.2956989247311828,0.3209991640913002
52,496,144,0.2903225806451613,0.3189310325998027
53,489,248,0.5071574642126789,0.31690156004425785
54,186,22,0.11827956989247312,0.31490932762643903
55,184,22,0.11956521739130435,0.31295299324844983
56,198,16,0.08080808080808081,0.31103128608187713
57,255,75,0.29411764705882354,0.30914300160926567
58,82,3,0.036585365853658534,0.30728699708946394
59,165,14,0.08484848484848485,0.3054621874040891
60,335,86,0.25671641791044775,0.3036675412473082
61,146,25,0.17123287671232876,0.3019020776254365
62,331,101,0.30513595166163143,0.3001648626366046
63,143,12,0.08391608391608392,0.29845500650402823
64,143,12,0.08391608391608392,0.2967716608392861
65,232,40,0.1724137931034483,0.2951140161145329
66,279,56,0.2007168458781362,0.29348129932479344
67,206,31,0.15048543689320387,0.2918727718234409
68,109,19,0.1743119266055046,0.2902877273156861
69,1132,353,0.3118374558303887,0.28872548999643577
70,124,13,0.10483870967741936,0.28718541282023113
71,295,66,0.22372881355932203,0.28566687589218287
72,245,52,0.21224489795918366,0.284169284969886
73,260,87,0.3346153846153846,0.2826920700672559
74,346,128,0.3699421965317919,0.281234684152075
75,559,115,0.20572450805008943,0.27979660192980216
76,178,32,0.1797752808988764,0.2783773187068795
77,378,75,0.1984126984126984,0.2769763493273799
78,152,9,0.05921052631578947,0.27559322717738965
79,137,24,0.17518248175182483,0.2742275032520141
80,85,4,0.047058823529411764,0.2728787452803375
81,227,35,0.15418502202643172,0.2715465369040708
82,503,259,0.5149105367793241,0.27023047690598145
83,204,24,0.11764705882352941,0.2689301784845296
84,448,149,0.3325892857142857,0.2676452685714268
85,885,345,0.3898305084745763,0.2663753871891081
86,102,9,0.08823529411764706,0.26512018684534533
87,207,51,0.2463768115942029,0.2638793319624577
88,185,42,0.22702702702702704,0.2626524983387718
89,230,51,0.2217391304347826,0.2614393726401688
90,101,14,0.13861386138613863,0.26023965191972664
91,156,19,0.12179487179487179,0.2590530431636111
92,183,26,0.14207650273224043,0.2578792628615162
93,796,245,0.30778894472361806,0.25671803660007536
94,596,371,0.62248322147651,0.255569098677788
95,542,181,0.3339483394833948,0.2544321917401079
96,130,6,0.046153846153846156,0.2533070664334388
97,469,214,0.4562899786780384,0.2521934810768762
98,354,117,0.3305084745762712,0.25109120135061247
99,65,3,0.046153846153846156,0.25
100,1071,405,0.37815126050420167,0.24891965655433923
101,146,27,0.18493150684931506,0.24784995705952073
102,254,85,0.3346456692913386,0.24679069382370689
103,184,36,0.1956521739130435,0.24574166517530494
104,294,122,0.41496598639455784,0.24470267523251543
105,385,101,0.2623376623376623,0.2436735336838074
106,132,3,0.022727272727272728,0.24265405557869757
107,81,0,0.0,0.24164406112826253
108,153,15,0.09803921568627451,0.24064337551484416
109,61,3,0.04918032786885246,0.23965182871044366
110,657,285,0.4337899543378995,0.2386692553033356
111,310,187,0.603225806451613,0.23769549433245463
112,249,35,0.14056224899598393,0.236730389129145
113,165,27,0.16363636363636364,0.23577378716588182
114,215,45,0.20930232558139536,0.23482553991159705
115,87,19,0.21839080459770116,0.23388550269327035
116,199,49,0.24623115577889448,0.23295353456345957
117,223,65,0.2914798206278027,0.23202949817346863
118,262,42,0.16030534351145037,0.23111325965186724
119,159,24,0.1509433962264151,0.23020468848809383
120,586,231,0.39419795221843,0.22930365742088743
121,767,301,0.3924380704041721,0.2284100423313129
122,153,30,0.19607843137254902,0.2275237221401506
123,260,83,0.3192307692307692,0.2266445787094412
124,193,18,0.09326424870466321,0.22577249674798583
125,317,125,0.3943217665615142,0.22490736372060927
126,119,18,0.15126050420168066,0.2240490697610108
127,1435,817,0.5693379790940767,0.22319750758803292
128,167,7,0.041916167664670656,0.2223525724251878
129,217,70,0.3225806451612903,0.22151416192329076
130,200,20,0.1,0.220682176086059
131,627,219,0.3492822966507177,0.2198565171985375
132,236,37,0.15677966101694915,0.21903708975822855
133,418,148,0.35406698564593303,0.21822380040879807
134,157,18,0.11464968152866242,0.21741655787624847
135,779,323,0.4146341463414634,0.21661527290744553
136,174,9,0.05172413793103448,0.21581985821089833
137,87,0,0.0,0.21503022839969077
138,106,13,0.12264150943396226,0.21424629993647626
139,176,17,0.09659090909090909,0.21346799108044046
140,203,23,0.11330049261083744,0.21269522183615497
141,590,148,0.25084745762711863,0.21192791390423582
142,412,109,0.2645631067961165,0.21116599063373453
143,156,15,0.09615384615384616,0.21040937697618756
144,261,36,0.13793103448275862,0.2096579994412563
145,260,34,0.13076923076923078,0.2089117860538907
146,84,3,0.03571428571428571,0.208170666312956
147,304,88,0.2894736842105263,0.20743457115126063
148,178,24,0.1348314606741573,0.2067034328969315
149,63,0,0.0,0.20597718523607966
150,1580,735,0.4651898734177215,0.20525576317670768
151,196,45,0.22959183673469388,0.20453910301380684
152,438,113,0.2579908675799087,0.20382714229560028
153,218,18,0.08256880733944955,0.20311981979088423
154,254,32,0.12598425196850394,0.20241707545742715
155,164,21,0.12804878048780488,0.2017188504113846
156,142,9,0.06338028169014084,0.2010250868976915
157,238,44,0.18487394957983194,0.20033572826139434
158,297,61,0.2053872053872054,0.19965071891988706
159,175,78,0.44571428571428573,0.19897000433601886
160,480,106,0.22083333333333333,0.1982935309920375
161,144,23,0.1597222222222222,0.1976212463643423
162,301,102,0.3388704318936877,0.19695309889901047
163,965,472,0.48911917098445595,0.1962890379880755
164,225,52,0.2311111111111111,0.19562901394652343
165,223,68,0.30493273542600896,0.19497297798998614
166,249,54,0.21686746987951808,0.19432088221310417
167,90,6,0.06666666666666667,0.1936726795685343
168,165,23,0.1393939393939394,0.19302832384658164
169,147,33,0.22448979591836735,0.19238776965543147
170,435,102,0.23448275862068965,0.19175097240196148
171,586,235,0.40102389078498296,0.19111788827311282
172,691,278,0.402315484804631,0.19048847421780113
173,423,212,0.5011820330969267,0.18986268792935013
174,434,299,0.6889400921658986,0.18924048782842628
175,561,181,0.3226381461675579,0.18862183304646252
176,235,44,0.18723404255319148,0.1880066834095483
177,221,56,0.25339366515837103,0.1873949994227765
178,150,15,0.1,0.18678674225502667
179,1358,469,0.34536082474226804,0.1861818737241735
180,100,6,0.06,0.18558035628270386
181,263,28,0.10646387832699619,0.18498215300373122
182,94,4,0.0425531914893617,0.18438722756739256
183,335,65,0.19402985074626866,0.1837955442476158
184,438,106,0.2420091324200913,0.18320706789924657
185,264,85,0.32196969696969696,0.18262176394552077
186,60,3,0.05,0.18203959836587524
187,394,164,0.41624365482233505,0.18146053768408
188,471,201,0.4267515923566879,0.18088454895668893
189,98,0,0.0,0.18031159976179278
190,304,66,0.21710526315789475,0.1797416581880681
191,86,3,0.03488372093023256,0.17917469282411258
192,172,21,0.12209302325581395,0.17861067274805653
193,217,43,0.19815668202764977,0.17804956751744339
194,110,3,0.02727272727272727,0.17749134715937054
195,95,4,0.042105263157894736,0.17693598216088102
196,195,36,0.18461538461538463,0.17638344345960166
197,501,134,0.26746506986027946,0.17583370243461727
198,167,73,0.437125748502994,0.1752867308975734
199,316,73,0.2310126582278481,0.1747425010840047
200,267,50,0.18726591760299627,0.17420098564487774
201,270,49,0.1814814814814815,0.17366215763834403
202,625,245,0.392,0.17312599052169675
203,98,3,0.030612244897959183,0.1725924581435253
204,352,137,0.38920454545454547,0.17206153473606134
205,232,61,0.2629310344827586,0.17153319490771157
206,208,22,0.10576923076923077,0.17100741363577066
207,230,34,0.14782608695652175,0.17048416625930962
208,195,23,0.11794871794871795,0.16996342847223656
209,306,67,0.21895424836601307,0.16944517631652012
210,196,26,0.1326530612244898,0.16892938617557673
211,685,168,0.24525547445255474,0.16841603476781208
212,134,7,0.05223880597014925,0.16790509914031548
213,562,195,0.3469750889679715,0.16739655666270237
214,248,56,0.22580645161290322,0.16689038502109876
215,126,9,0.07142857142857142,0.16638656221226722
216,258,59,0.22868217054263565,0.1658850665378676
217,43,3,0.06976744186046512,0.16538587659884874
218,123,3,0.024390243902439025,0.16488897128997038
219,453,137,0.30242825607064017,0.16439432979444835
220,225,41,0.18222222222222223,0.16390193157872235
221,238,54,0.226890756302521,0.1634117563873404
222,144,3,0.020833333333333332,0.16292378423795983
223,217,53,0.24423963133640553,0.1624379954164593
224,207,21,0.10144927536231885,0.16195437047215933
225,984,441,0.4481707317073171,0.1614728902131497
226,227,52,0.2290748898678414,0.16099353570171926
227,147,9,0.061224489795918366,0.1605162882498865
228,154,28,0.18181818181818182,0.1600411294150279
229,209,28,0.1339712918660287,0.15956804099560173
230,198,53,0.2676767676767677,0.159097005026964
231,80,6,0.075,0.15862800377727515
232,171,109,0.6374269005847953,0.15816101974349528
233,192,96,0.5,0.15769603564746415
234,171,16,0.0935672514619883,0.15723303443206593
235,123,12,0.0975609756097561,0.1567719992574732
236,633,251,0.39652448657187994,0.1563129134974739
237,196,8,0.04081632653061224,0.15585576073587193
238,131,6,0.04580152671755725,0.1554005247629655
239,447,118,0.2639821029082774,0.15494718957209852
240,102,0,0.0,0.1544957393562829
241,1592,888,0.5577889447236181,0.15404615850489212
242,91,3,0.03296703296703297,0.15359843160042197
243,359,146,0.40668523676880225,0.1531525434153176
244,181,25,0.13812154696132597,0.15270847890886685
245,328,99,0.3018292682926829,0.15226622322415517
246,215,124,0.5767441860465117,0.15182576168508355
247,392,177,0.45153061224489793,0.1513870797934458
248,224,33,0.14732142857142858,0.15095016322606591
249,111,3,0.02702702702702703,0.15051499783199063
250,174,18,0.10344827586206896,0.1500815696297405
251,309,79,0.255663430420712,0.14964986480461395
252,163,25,0.15337423312883436,0.1492198697060455
253,77,0,0.0,0.14879157084501538
254,218,39,0.17889908256880735,0.14836495489151125
255,143,19,0.13286713286713286,0.1479400086720376
256,96,3,0.03125,0.14751671916717624
257,840,338,0.4023809523809524,0.1470950735091925
258,366,83,0.226775956284153,0.14667505897968702
259,210,21,0.1,0.14625666300729556
260,241,27,0.11203319502074689,0.14583987316542968
261,149,13,0.087248322147651,0.14542467717006358
262,201,31,0.15422885572139303,0.1450110628775605
263,124,25,0.20161290322580644,0.1445990182825423
264,221,72,0.3257918552036199,0.14418853151579802
265,430,77,0.17906976744186046,0.14377959084223324
266,446,104,0.23318385650224216,0.14337218465885615
267,194,51,0.26288659793814434,0.14296630149280276
268,750,286,0.38133333333333336,0.14256192999939798
269,197,45,0.22842639593908629,0.14215905896025305
270,328,43,0.13109756097560976,0.14175767728139854
271,678,164,0.24188790560471976,0.14135777399145022
272,404,142,0.35148514851485146,0.140959338239811
273,175,30,0.17142857142857143,0.1405623592949029
274,244,38,0.1557377049180328,0.1401668265424343
275,82,0,0.0,0.13977272948369568
276,219,41,0.1872146118721461,0.13938005773388784
277,121,9,0.0743801652892562,0.13898880102048095
278,382,274,0.7172774869109948,0.13859894918160065
279,824,330,0.40048543689320387,0.13821049216444514
280,631,263,0.41679873217115687,0.13782342002373005
281,135,9,0.06666666666666667,0.13743772292015966
282,172,24,0.13953488372093023,0.13705339111892734
283,148,9,0.060810810810810814,0.1366704149882405
284,226,27,0.11946902654867257,0.13628878499787245
285,729,227,0.3113854595336077,0.13590849171773922
286,1216,545,0.44819078947368424,0.1355295258165019
287,243,45,0.18518518518518517,0.13515187806019224
288,149,28,0.18791946308724833,0.13477553931086306
289,425,131,0.30823529411764705,0.13440050052526098
290,78,0,0.0,0.13402675275352316
291,567,162,0.2857142857142857,0.1336542871378954
292,292,67,0.22945205479452055,0.1332830949114726
293,319,97,0.30407523510971785,0.13291316739696069
294,255,108,0.4235294117647059,0.13254449600545914
295,79,0,0.0,0.13217707223526542
296,216,41,0.18981481481481483,0.13181088767069693
297,146,12,0.0821917808219178,0.13144593398093618
298,521,185,0.3550863723608445,0.1310822029188925
299,209,73,0.3492822966507177,0.13071968632008435
300,141,20,0.14184397163120568,0.13035837610153922
301,164,10,0.06097560975609756,0.12999826426071226
302,367,73,0.1989100817438692,0.1296393428744238
303,1028,534,0.519455252918288,0.12928160409781153
304,94,7,0.07446808510638298,0.12892504016330353
305,824,206,0.25,0.12856964337960497
306,297,134,0.4511784511784512,0.12821540613070337
307,220,42,0.19090909090909092,0.12786232087488902
308,201,23,0.11442786069651742,0.12751038014379135
309,269,96,0.35687732342007433,0.12715957654143173
310,680,306,0.45,0.12680990274329063
311,148,18,0.12162162162162163,0.12646135149538917
312,73,3,0.0410958904109589,0.12611391561338792
313,314,77,0.24522292993630573,0.1257675879816963
314,427,107,0.2505854800936768,0.1254223615525999
315,191,17,0.08900523560209424,0.12507822934539892
316,96,9,0.09375,0.1247351844455622
317,402,264,0.6567164179104478,0.12439322000389186
318,225,19,0.08444444444444445,0.12405232923570475
319,2133,841,0.39428035630567276,0.12371250542002354
320,179,17,0.09497206703910614,0.12337374189878192
321,389,143,0.3676092544987147,0.12303603207604219
322,162,16,0.09876543209876543,0.12269936941722426
323,446,169,0.3789237668161435,0.122363747448347
324,1015,406,0.4,0.12202915975528139
325,275,78,0.28363636363636363,0.12169559998301527
326,163,29,0.17791411042944785,0.1213630618349284
327,247,44,0.17813765182186234,0.1210315390720802
328,225,26,0.11555555555555555,0.1207010255125065
329,303,70,0.23102310231023102,0.12037151503052812
330,128,3,0.0234375,0.12004300155607028
331,630,251,0.3984126984126984,0.11971547907399094
332,232,63,0.27155172413793105,0.11938894162341995
333,52,0,0.0,0.11906338329710886
334,168,86,0.5119047619047619,0.1187387982407887
335,1195,588,0.4920502092050209,0.11841518065253898
336,370,67,0.1810810810810811,0.11809252478216536
337,320,63,0.196875,0.11777082493058633
338,131,7,0.05343511450381679,0.11745007544922947
339,165,22,0.13333333333333333,0.11713027073943616
340,163,34,0.2085889570552147,0.11681140525187561
341,254,75,0.2952755905511811,0.11649347348596628
342,219,51,0.2328767123287671,0.11617646998930742
343,225,41,0.18222222222222223,0.11586038935711751
344,633,211,0.3333333333333333,0.1155452262316814
345,377,69,0.1830238726790451,0.11523097530180582
346,111,4,0.036036036036036036,0.1149176313022815
347,133,23,0.17293233082706766,0.1146051890133547
348,68,3,0.04411764705882353,0.11429364326020508
349,475,353,0.7431578947368421,0.11398298891243108
350,95,18,0.18947368421052632,0.11367322088354403
351,373,128,0.34316353887399464,0.11336433413046731
352,138,3,0.021739130434782608,0.1130563236530443
353,451,167,0.37028824833702884,0.11274918449355309
354,239,52,0.2175732217573222,0.11244291173622645
355,130,22,0.16923076923076924,0.11213750050678117
356,345,111,0.3217391304347826,0.1118329459719517
357,684,309,0.4517543859649123,0.11152924333903136
358,351,102,0.2905982905982906,0.11122638785542027
359,120,10,0.08333333333333333,0.11092437480817807
360,203,17,0.08374384236453201,0.11062319952358557
361,347,117,0.3371757925072046,0.11032285736670844
362,339,81,0.23893805309734514,0.11002334374097189
363,465,152,0.32688172043010755,0.10972465408773602
364,192,44,0.22916666666666666,0.10942678388588134
365,206,36,0.17475728155339806,0.10912972865139736
366,177,44,0.24858757062146894,0.10883348393697756
367,131,19,0.1450381679389313,0.10853804533162059
368,319,68,0.21316614420062696,0.10824340846023484
369,171,21,0.12280701754385964,0.10794956898325125
370,168,12,0.07142857142857142,0.10765652259623848
371,89,7,0.07865168539325842,0.10736426502952567
372,580,240,0.41379310344827586,0.10707279204782805
373,641,235,0.3666146645865835,0.10678209944987982
374,172,9,0.05232558139534884,0.10649218306807029
375,120,21,0.175,0.10620303876808468
376,81,7,0.08641975308641975,0.10591466244855174
377,513,143,0.2787524366471735,0.10562705004069362
378,300,88,0.29333333333333333,0.10534019750798185
379,297,49,0.16498316498316498,0.10505410084579747
380,98,6,0.061224489795918366,0.10476875608109515
381,240,24,0.1,0.10448415927207277
382,313,61,0.19488817891373802,0.1042003065078444
383,252,62,0.24603174603174602,0.10391719390811727
384,238,56,0.23529411764705882,0.10363481762287474
385,234,23,0.09829059829059829,0.10335317383206122
386,214,55,0.2570093457943925,0.10307225874527215
387,62,3,0.04838709677419355,0.10279206860144818
388,117,13,0.1111111111111111,0.10251259966857307
389,235,62,0.26382978723404255,0.10223384824337511
390,111,15,0.13513513513513514,0.10195581065103321
391,647,420,0.6491499227202473,0.10167848324488571
392,218,53,0.24311926605504589,0.10140186240614324
393,438,147,0.3356164383561644,0.10112594454360646
394,66,6,0.09090909090909091,0.10085072609338486
395,93,3,0.03225806451612903,0.10057620351862195
396,831,307,0.3694344163658243,0.1003023733092212
397,499,175,0.35070140280561124,0.10002923198157798
398,295,53,0.17966101694915254,0.0997567760783129
399,181,12,0.06629834254143646,0.09948500216800937
400,2555,1174,0.4594911937377691,0.09921390684495435
401,247,82,0.3319838056680162,0.09894348672888253
402,423,162,0.3829787234042553,0.0986737384647226
403,290,64,0.2206896551724138,0.09840465872234871
404,387,96,0.24806201550387597,0.09813624419633293
405,766,231,0.30156657963446476,0.09786849160570144
406,1331,410,0.3080390683696469,0.09760139769369502
407,126,21,0.16666666666666666,0.09733495922753
408,92,0,0.0,0.09706917299816453
409,125,7,0.056,0.09680403582006603
410,246,64,0.2601626016260163,0.09653954453098268
411,220,52,0.23636363636363636,0.09627569599171637
412,194,32,0.16494845360824742,0.09601248708589971
413,139,15,0.1079136690647482,0.09574991471977523
414,216,28,0.12962962962962962,0.09548797582197688
415,272,44,0.16176470588235295,0.0952266673433142
416,110,21,0.19090909090909092,0.09496598625656061
417,233,45,0.19313304721030042,0.09470592955624113
418,171,9,0.05263157894736842,0.09444649425842622
419,138,17,0.12318840579710146,0.09418767740052492
420,150,6,0.04,0.09392947604108293
421,196,37,0.18877551020408162,0.09367188725958153
422,174,18,0.10344827586206896,0.09341490815623943
423,183,18,0.09836065573770492,0.09315853585181688
424,152,9,0.05921052631578947,0.0929027674874221
425,1066,361,0.33864915572232646,0.09264760022432017
426,3273,1300,0.3971891231286282,0.09239303124374398
427,80,0,0.0,0.09213905774670694
428,166,15,0.09036144578313253,0.091885676953819
429,142,15,0.1056338028169014,0.09163288610510334
430,299,55,0.18394648829431437,0.09138068245981712
431,209,28,0.1339712918660287,0.0911290632962719
432,410,147,0.35853658536585364,0.09087802591165861
433,114,24,0.21052631578947367,0.0906275676218723
434,103,6,0.05825242718446602,0.09037768576134064
435,820,433,0.5280487804878049,0.09012837768285342
436,1043,465,0.4458293384467881,0.08987964075739452
437,224,71,0.3169642857142857,0.08963147237397506
438,133,21,0.15789473684210525,0.08938386993946967
439,55,3,0.05454545454545454,0.08913683087845314
440,130,53,0.4076923076923077,0.08889035263304035
441,231,60,0.2597402597402597,0.08864443266272704
442,253,39,0.1541501976284585,0.08839906844423262
443,202,45,0.22277227722772278,0.08815425747134498
444,355,113,0.3183098591549296,0.08790999725476711
445,2258,946,0.41895482728077943,0.08766628532196452
446,109,6,0.05504587155963303,0.08742311921701584
447,502,204,0.4063745019920319,0.087180496500464
448,100,3,0.03,0.08693841474916919
449,190,19,0.1,0.08669687155616401
450,72,0,0.0,0.0864558645305098
451,1351,630,0.46632124352331605,0.08621539129715439
452,311,74,0.2379421221864952,0.08597544949679192
453,81,4,0.04938271604938271,0.08573603678572395
454,228,27,0.11842105263157894,0.08549715083572185
455,1267,500,0.39463299131807417,0.0852587893338912
456,188,33,0.17553191489361702,0.0850209499825374
457,305,146,0.4786885245901639,0.0847836304990327
458,399,103,0.2581453634085213,0.08454682861568474
459,151,33,0.2185430463576159,0.08431054207960642
460,133,16,0.12030075187969924,0.0840747686525879
461,221,57,0.2579185520361991,0.08383950611096858
462,441,140,0.31746031746031744,0.08360475224551167
463,58,3,0.05172413793103448,0.08337050486127973
464,317,39,0.12302839116719243,0.0831367617775115
465,84,9,0.10714285714285714,0.08290352082749997
466,52,0,0.0,0.08267077985847193
467,708,346,0.4887005649717514,0.08243853673146895
468,319,116,0.36363636363636365,0.08220678932122916
469,252,78,0.30952380952380953,0.08197553551607062
470,206,44,0.21359223300970873,0.08174477321777596
471,418,148,0.35406698564593303,0.08151450034147811
472,728,269,0.3695054945054945,0.08128471481554711
473,353,91,0.2577903682719547,0.08105541458147869
474,379,91,0.24010554089709762,0.08082659759378341
475,344,69,0.2005813953488372,0.08059826181987662
476,116,3,0.02586206896551724,0.08037040523997141
477,296,131,0.44256756756756754,0.0801430258469702
478,191,60,0.31413612565445026,0.0799161216463592
479,134,25,0.1865671641791045,0.0796896906561031
480,166,16,0.0963855421686747,0.07946373090654202
481,203,22,0.10837438423645321,0.0792382404402876
482,1744,830,0.47591743119266056,0.07901321731212196
483,60,0,0.0,0.0787886595888968
484,290,52,0.1793103448275862,0.07856456534943401
485,153,10,0.06535947712418301,0.07834093268442666
486,118,9,0.07627118644067797,0.07811775969634138
487,92,3,0.03260869565217391,0.07789504449932227
488,172,33,0.19186046511627908,0.07767278521909482
489,280,59,0.21071428571428572,0.07745097999287154
490,447,225,0.5033557046979866,0.07722962696925784
491,403,124,0.3076923076923077,0.07700872430815986
492,270,157,0.5814814814814815,0.07678827018069256
493,147,6,0.04081632653061224,0.07656826276908824
494,183,44,0.24043715846994534,0.0763487002666079
495,314,58,0.18471337579617833,0.07612958087745059
496,186,18,0.0967741935483871,0.0759109028166669
497,569,239,0.4200351493848858,0.0756926643100706
498,349,126,0.36103151862464183,0.07547486359415245
499,396,117,0.29545454545454547,0.07525749891599531
500,732,308,0.4207650273224044,0.07504056853318863
501,364,88,0.24175824175824176,0.07482407071374508
502,299,80,0.26755852842809363,0.07460800373601817
503,358,128,0.3575418994413408,0.07439236588861864
504,139,33,0.23741007194244604,0.07417715547033465
505,977,441,0.45138178096212894,0.07396237079005019
506,544,223,0.4099264705882353,0.07374801016666588
507,377,111,0.29442970822281167,0.07353407192902017
508,550,150,0.2727272727272727,0.07332055441581031
509,159,33,0.20754716981132076,0.07310745597551593
510,159,33,0.20754716981132076,0.0728947749663218
511,488,279,0.5717213114754098,0.07268250975604229
512,253,151,0.5968379446640316,0.07247065872204583
513,497,179,0.36016096579476864,0.07225922025118103
514,792,291,0.36742424242424243,0.0720481927397022
515,305,83,0.2721311475409836,0.07183757459319717
516,510,159,0.31176470588235294,0.07162736422651439
517,289,108,0.3737024221453287,0.07141756006369171
518,197,32,0.16243654822335024,0.07120816053788548
519,308,50,0.16233766233766234,0.07099916409130014
520,1337,499,0.37322363500373973,0.07079056917511883
521,691,219,0.31693198263386396,0.07058237424943437
522,106,0,0.0,0.07037457778318146
523,260,88,0.3384615384615385,0.07016717825406826
524,255,80,0.3137254901960784,0.06996017414851075
525,166,18,0.10843373493975904,0.06975356396156518
526,264,60,0.22727272727272727,0.06954734619686331
527,448,235,0.5245535714285714,0.06934151936654698
528,127,13,0.10236220472440945,0.06913608199120358
529,219,56,0.2557077625570776,0.06893103259980271
530,277,73,0.26353790613718414,0.06872636972963275
531,506,126,0.2490118577075099,0.06852209192623793
532,117,15,0.1282051282051282,0.0683181977433569
533,397,117,0.2947103274559194,0.06811468574286084
534,83,6,0.07228915662650602,0.06791155449469288
535,112,6,0.05357142857142857,0.06770880257680756
536,195,51,0.26153846153846155,0.06750642857511102
537,156,45,0.28846153846153844,0.06730443108340267
538,213,42,0.19718309859154928,0.06710280870331531
539,202,29,0.14356435643564355,0.06690156004425785
540,289,54,0.18685121107266436,0.06670068372335769
541,229,32,0.13973799126637554,0.06650017836540323
542,188,46,0.24468085106382978,0.06630004260278821
543,160,18,0.1125,0.06610027507545502
544,716,388,0.5418994413407822,0.06590087443083936
545,189,19,0.10052910052910052,0.06570183932381568
546,1183,464,0.39222316145393066,0.06550316841664228
547,419,192,0.45823389021479716,0.0653048603789077
548,548,217,0.395985401459854,0.06510691388747702
549,82,3,0.036585365853658534,0.06490932762643908
550,221,32,0.14479638009049775,0.06471210028705365
551,883,378,0.42808607021517553,0.06451523056770025
552,103,9,0.08737864077669903,0.06431871717382542
553,250,93,0.372,0.06412255881789253
554,406,126,0.3103448275862069,0.06392675421933092
555,105,56,0.5333333333333333,0.06373130210448563
556,81,0,0.0,0.06353620120656767
557,240,46,0.19166666666666668,0.06334145026560534
558,167,25,0.1497005988023952,0.0631470480283941
559,192,17,0.08854166666666667,0.06295299324844994
560,675,332,0.4918518518518519,0.0627592846859597
561,358,119,0.3324022346368715,0.06256592110773473
562,437,185,0.4233409610983982,0.06237290128716333
563,523,234,0.4474187380497132,0.06218022400416445
564,690,220,0.3188405797101449,0.06198788804514033
565,808,295,0.3650990099009901,0.061795892202932134
566,519,201,0.3872832369942196,0.06160423527677339
567,92,9,0.09782608695652174,0.061412916072245194
568,223,68,0.30493273542600896,0.061221933401232165
569,315,126,0.4,0.06103128608187702
570,248,46,0.18548387096774194,0.06084097293853796
571,303,63,0.2079207920792079,0.06065099280174402
572,246,29,0.11788617886178862,0.06046134450815244
573,310,57,0.18387096774193548,0.06027202690050659
574,59,3,0.05084745762711865,0.06008303882759236
575,240,63,0.2625,0.05989437914419693
576,2614,1052,0.4024483550114767,0.05970604671106705
577,659,236,0.3581183611532625,0.05951804039486763
578,223,30,0.13452914798206278,0.05933035906814088
579,163,16,0.09815950920245399,0.059143001609265666
580,163,11,0.06748466257668712,0.058955966902417334
581,212,27,0.12735849056603774,0.058769253837527846
582,192,28,0.14583333333333334,0.05858286131024648
583,350,93,0.26571428571428574,0.05839678822190009
584,152,14,0.09210526315789473,0.05821103347945478
585,426,125,0.2934272300469484,0.0580255959954773
586,931,589,0.6326530612244898,0.05784047468809628
587,271,82,0.3025830258302583,0.05765566848096537
588,288,62,0.2152777777777778,0.057471176303224625
589,92,5,0.05434782608695652,0.05728699708946394
590,148,24,0.16216216216216217,0.057103129779686124
591,114,16,0.14035087719298245,0.05691957331927
592,305,68,0.22295081967213115,0.056736326658934244
593,218,58,0.26605504587155965,0.056553388754701506
594,317,65,0.20504731861198738,0.056370758567862556
595,219,45,0.2054794520547945,0.05618843506494087
596,357,81,0.226890756302521,0.056006417217657645
597,188,42,0.22340425531914893,0.055824704002897296
598,196,15,0.07653061224489796,0.05564329440267213
599,151,16,0.10596026490066225,0.055462187404089036
600,217,28,0.12903225806451613,0.05528138199931509
601,170,18,0.10588235294117647,0.055100877185543906
602,252,45,0.17857142857142858,0.05492067196496209
603,265,41,0.15471698113207547,0.054740765344716946
604,142,6,0.04225352112676056,0.05456115633688274
605,236,40,0.1694915254237288,0.05438184395842849
606,114,16,0.14035087719298245,0.054202827231185635
607,196,18,0.09183673469387756,0.05402410518181622
608,231,59,0.2554112554112554,0.05384567684178121
609,307,50,0.16286644951140064,0.053667541247308215
610,901,417,0.462819089900111,0.05348969743936138
611,100,15,0.15,0.05331214446360977
612,3668,1134,0.30916030534351147,0.053134881370396125
613,192,23,0.11979166666666667,0.052957907214708055
614,336,113,0.33630952380952384,0.0527812210561458
615,394,86,0.2182741116751269,0.0526048219588936
616,374,155,0.4144385026737968,0.0524287089916895
617,239,33,0.13807531380753138,0.05225288122779603
618,475,126,0.26526315789473687,0.052077337744970476
619,93,3,0.03225806451612903,0.051902077625436416
620,185,44,0.23783783783783785,0.051727099955854894
621,241,35,0.14522821576763487,0.05155240382729531
622,263,54,0.20532319391634982,0.05137798833520757
623,72,0,0.0,0.05120385257939397
624,139,18,0.12949640287769784,0.051029995663981254
625,178,13,0.07303370786516854,0.050856416697392604
626,91,3,0.03296703296703297,0.050683114792320794
627,216,51,0.2361111111111111,0.05051008906570098
628,504,210,0.4166666666666667,0.05033733863868273
629,371,151,0.40700808625336926,0.05016486263660458
630,129,13,0.10077519379844961,0.04999266018896642
631,263,68,0.2585551330798479,0.049820730429403715
632,117,9,0.07692307692307693,0.049649072495661306
633,202,29,0.14356435643564355,0.049477685529566884
634,151,19,0.12582781456953643,0.049306568677006
635,143,16,0.11188811188811189,0.04913572108789643
636,195,29,0.14871794871794872,0.0489651419161623
637,586,220,0.37542662116040953,0.04879483031970944
638,152,29,0.19078947368421054,0.048624785460399944
639,675,166,0.24592592592592594,0.04845500650402812
640,219,34,0.1552511415525114,0.04828549262029558
641,166,23,0.13855421686746988,0.048116242982786606
642,401,179,0.4463840399002494,0.04794725676894451
643,129,23,0.17829457364341086,0.04777853316004688
644,405,122,0.3012345679012346,0.047610071341183
645,204,37,0.18137254901960784,0.047441870501228944
646,94,7,0.07446808510638298,0.04727392983282486
647,166,20,0.12048192771084337,0.04710624853235168
648,935,487,0.520855614973262,0.0469388257999076
649,305,66,0.21639344262295082,0.04677166083928608
650,397,87,0.21914357682619648,0.04660475285795207
651,135,24,0.17777777777777778,0.046438101067019844
652,204,46,0.22549019607843138,0.04627170468123143
653,288,126,0.4375,0.046105562918933196
654,606,250,0.41254125412541254,0.0459396750020542
655,357,149,0.4173669467787115,0.04577404015608488
656,312,289,0.9262820512820513,0.04560865761005484
657,61,0,0.0,0.045443526596511075
658,150,20,0.13333333333333333,0.045278646351497476
659,1043,410,0.3930968360498562,0.04511401611453292
660,540,126,0.23333333333333334,0.04494963512858996
661,326,93,0.2852760736196319,0.04478550264007497
662,105,25,0.23809523809523808,0.0446216178988067
663,402,57,0.1417910447761194,0.044457980157995625
664,261,91,0.3486590038314176,0.04429458867422387
665,410,139,0.33902439024390246,0.04413144270742464
666,115,9,0.0782608695652174,0.043968541520862714
667,144,29,0.2013888888888889,0.04380588438111366
668,225,68,0.3022222222222222,0.043643470558044184
669,135,5,0.037037037037037035,0.04348129932479339
670,358,90,0.25139664804469275,0.043319369957751874
671,145,18,0.12413793103448276,0.04315768173654366
672,248,59,0.23790322580645162,0.04299623394400576
673,208,29,0.13942307692307693,0.04283502586617005
674,168,15,0.08928571428571429,0.042674056792243675
675,224,44,0.19642857142857142,0.0425133260145909
676,550,203,0.3690909090909091,0.04235283282871394
677,251,29,0.11553784860557768,0.04219257653323416
678,95,19,0.2,0.04203255642987447
679,253,66,0.2608695652173913,0.04187277182344096
680,246,46,0.18699186991869918,0.04171322202180372
681,212,40,0.18867924528301888,0.041553906335880186
682,109,12,0.11009174311926606,0.04139482407961681
683,149,18,0.12080536912751678,0.04123597456997086
684,201,78,0.3880597014925373,0.04107735712689353
685,116,11,0.09482758620689655,0.040918971073312105
686,263,52,0.19771863117870722,0.040760815735112366
687,530,171,0.32264150943396225,0.0406028904411222
688,94,10,0.10638297872340426,0.040445194523093475
689,131,4,0.030534351145038167,0.040287727315686195
690,958,408,0.42588726513569936,0.04013048815645037
691,145,4,0.027586206896551724,0.0399734763858105
692,311,113,0.3633440514469453,0.03981669134704835
693,343,163,0.4752186588921283,0.039660132386286184
694,753,419,0.5564409030544488,0.03950379885247146
695,194,52,0.26804123711340205,0.03934769009735939
696,202,24,0.1188118811881188,0.03919180547549761
697,166,31,0.18674698795180722,0.03903614434420977
698,149,12,0.08053691275167785,0.03888070606357963
699,305,62,0.20327868852459016,0.03872548999643577
700,976,384,0.39344262295081966,0.038570495508335356
701,89,3,0.033707865168539325,0.03841572196754872
702,114,3,0.02631578947368421,0.03826116874504404
703,77,3,0.03896103896103896,0.038106835214472
704,401,106,0.26433915211970077,0.03795272075215017
705,383,85,0.22193211488250653,0.0377988247370491
706,221,30,0.13574660633484162,0.03764514655077511
707,269,33,0.12267657992565056,0.037491685577557776
708,278,64,0.2302158273381295,0.03733844120423335
709,160,43,0.26875,0.037185412820231134
710,228,43,0.18859649122807018,0.037032599817558465
711,108,6,0.05555555555555555,0.03688000159078586
712,419,185,0.441527446300716,0.036727617537033574
713,1081,398,0.3681776133209991,0.03657544705595639
714,120,6,0.05,0.03642348954972985
715,99,3,0.030303030303030304,0.036271744423036045
716,385,76,0.1974025974025974,0.03612021108304997
717,61,3,0.04918032786885246,0.03596888893942485
718,109,3,0.027522935779816515,0.03581777740427927
719,183,17,0.09289617486338798,0.03566687589218287
720,96,9,0.09375,0.035516183820142655
721,160,18,0.1125,0.035365700607590256
722,103,6,0.05825242718446602,0.03521542567636726
723,142,3,0.02112676056338028,0.035065358450713235
724,177,46,0.2598870056497175,0.034915498357251495
725,362,141,0.38950276243093923,0.03476584482497658
726,65,13,0.2,0.034616397285240574
727,91,3,0.03296703296703297,0.034467155171740704
728,1070,366,0.34205607476635513,0.03431811792050632
729,337,56,0.1661721068249258,0.03416928496988603
730,159,24,0.1509433962264151,0.034020655760534924
731,87,9,0.10344827586206896,0.03387222973540205
732,277,64,0.23104693140794225,0.03372400633971795
733,245,42,0.17142857142857143,0.03357598502098247
734,76,3,0.039473684210526314,0.0334281652289512
735,114,15,0.13157894736842105,0.03328054641562517
736,171,25,0.14619883040935672,0.03313312803523716
737,247,95,0.38461538461538464,0.03298590954423963
738,743,336,0.4522207267833109,0.03283889040129351
739,142,19,0.13380281690140844,0.03269207006725594
740,194,20,0.10309278350515463,0.03254544800516801
741,63,0,0.0,0.032399023680243166
742,74,3,0.04054054054054054,0.032252796559856134
743,601,259,0.43094841930116473,0.03210676611353036
744,427,168,0.39344262295081966,0.03196093181292681
745,294,90,0.30612244897959184,0.031815293131832845
746,453,220,0.4856512141280353,0.031669849546150264
747,360,143,0.3972222222222222,0.03152460053388462
748,129,10,0.07751937984496124,0.03137954557513345
749,156,20,0.1282051282051282,0.031234684152074976
750,420,164,0.3904761904761905,0.031090015748957867
751,206,59,0.28640776699029125,0.030945539852089476
752,170,33,0.19411764705882353,0.030801255949824857
753,142,17,0.11971830985915492,0.03065716353255643
754,586,166,0.2832764505119454,0.030513262092702886
755,252,39,0.15476190476190477,0.030369551124698302
756,1881,877,0.46624136097820307,0.030226030124981818
757,154,7,0.045454545454545456,0.030082698591986645
758,334,72,0.2155688622754491,0.029939556026129743
759,274,42,0.15328467153284672,0.029796601929802047
760,211,37,0.17535545023696683,0.0296538358073567
761,309,76,0.2459546925566343,0.029511257165099836
762,291,74,0.2542955326460481,0.029368865511279818
763,203,35,0.1724137931034483,0.02922666035607746
764,244,40,0.16393442622950818,0.029084641211595486
765,154,47,0.3051948051948052,0.028942807591848974
766,242,62,0.256198347107438,0.028801159012754818
767,359,136,0.3788300835654596,0.028659694992121953
768,316,66,0.2088607594936709,0.028518415049642254
769,408,104,0.2549019607843137,0.02837731870687954
770,349,104,0.2979942693409742,0.028236405487260807
771,182,21,0.11538461538461539,0.028095674916065905
772,288,62,0.2152777777777778,0.02795512652041865
773,617,149,0.24149108589951376,0.027814759829276836
774,115,12,0.10434782608695652,0.027674574373422356
775,65,6,0.09230769230769231,0.02753456968545287
776,190,16,0.08421052631578947,0.027394745299771484
777,457,160,0.350109409190372,0.027255100752577865
778,242,70,0.2892561983471074,0.02711563558185881
779,145,19,0.1310344827586207,0.0269763493273798
780,288,90,0.3125,0.026837241530674794
781,89,0,0.0,0.026698311735038005
782,237,55,0.2320675105485232,0.02655955948551414
783,300,107,0.3566666666666667,0.026420984328890396
784,132,18,0.13636363636363635,0.02628258581368692
785,226,28,0.12389380530973451,0.026144363490148037
786,218,42,0.1926605504587156,0.026006316910233807
787,85,9,0.10588235294117647,0.025868445627611147
788,906,578,0.6379690949227373,0.025730749197644953
789,197,33,0.16751269035532995,0.025593227177389544
790,409,139,0.33985330073349634,0.025455879125580783
791,167,14,0.08383233532934131,0.02531870460262653
792,125,6,0.048,0.02518170317059909
793,2400,764,0.31833333333333336,0.02504487439322589
794,187,18,0.0962566844919786,0.024908217835882374
795,71,7,0.09859154929577464,0.02477173306558267
796,105,9,0.08571428571428572,0.024635419650971935
797,195,28,0.14358974358974358,0.02449927716231759
798,606,358,0.5907590759075908,0.024363305171502092
799,151,9,0.059602649006622516,0.02422750325201406
800,1086,491,0.4521178637200737,0.02409187097894061
801,165,12,0.07272727272727272,0.023956407928959034
802,338,122,0.3609467455621302,0.023821113680329686
803,317,101,0.3186119873817035,0.02368598781288711
804,278,64,0.2302158273381295,0.023551029908032817
805,284,204,0.7183098591549296,0.023416239548727402
806,632,289,0.4572784810126582,0.023281616319482334
807,205,39,0.1902439024390244,0.023147159806353512
808,218,39,0.17889908256880735,0.02301286959693194
809,251,48,0.19123505976095617,0.02287874528033762
810,120,12,0.1,0.022744786447210896
811,546,279,0.510989010989011,0.022610992689706233
812,651,215,0.3302611367127496,0.022477363601483002
813,280,74,0.2642857142857143,0.02234389877769971
814,447,126,0.28187919463087246,0.022210597815005784
815,163,26,0.15950920245398773,0.02207746031153479
816,190,35,0.18421052631578946,0.021944485866896013
817,130,6,0.046153846153846156,0.02181167408216933
818,209,55,0.2631578947368421,0.021679024559895232
819,229,38,0.16593886462882096,0.021546536904070823
820,135,61,0.45185185185185184,0.021414210720139826
821,1314,506,0.3850837138508371,0.021282045614987366
822,448,132,0.29464285714285715,0.021150041196932534
823,357,96,0.2689075630252101,0.021018197075721057
824,333,110,0.3303303303303303,0.020886512862518636
825,240,40,0.16666666666666666,0.020754988169904398
826,190,22,0.11578947368421053,0.020623622611863346
827,108,3,0.027777777777777776,0.020492415803779918
828,301,100,0.33222591362126247,0.02036136736243166
829,182,42,0.23076923076923078,0.020230476905981565
830,156,7,0.04487179487179487,0.02009974405397219
831,268,44,0.16417910447761194,0.019969168427318995
832,166,39,0.23493975903614459,0.01983874964830301
833,353,64,0.1813031161473088,0.019708487340565295
834,291,89,0.30584192439862545,0.019578381129099487
835,524,204,0.3893129770992366,0.019448430640245817
836,198,31,0.15656565656565657,0.019318635501685
837,124,10,0.08064516129032258,0.019188995342430903
838,245,39,0.15918367346938775,0.019059509792825002
839,2111,798,0.37801989578398865,0.018930178484529603
840,1075,585,0.5441860465116279,0.01880100105052196
841,255,99,0.38823529411764707,0.018671977125087613
842,189,20,0.10582010582010581,0.018543106343814397
843,226,16,0.07079646017699115,0.018414388343586108
844,197,25,0.12690355329949238,0.018285822762576842
845,52,3,0.057692307692307696,0.018157409240244116
846,200,34,0.17,0.0180291474173232
847,34,0,0.0,0.017901036935821457
848,252,40,0.15873015873015872,0.017773077439011797
849,233,40,0.17167381974248927,0.017645268571426675
850,102,0,0.0,0.017517609978852988
851,327,76,0.2324159021406728,0.017390101308324968
852,71,0,0.0,0.017262742208119186
853,313,45,0.14376996805111822,0.01713553232774867
854,71,3,0.04225352112676056,0.017008471317956797
855,205,35,0.17073170731707318,0.01688155883071163
856,197,20,0.10152284263959391,0.016754794519200367
857,124,13,0.10483870967741936,0.01662817803782357
858,253,111,0.43873517786561267,0.016501709042189505
859,66,7,0.10606060606060606,0.016375387189108026
860,523,252,0.4818355640535373,0.016249212136586255
861,127,19,0.14960629921259844,0.016123183543821806
862,258,36,0.13953488372093023,0.015997301071197567
863,239,65,0.2719665271966527,0.015871564380276704
864,223,40,0.17937219730941703,0.015745973133796443
865,183,13,0.07103825136612021,0.015620526995663297
866,129,17,0.13178294573643412,0.015495225630947407
867,401,74,0.18453865336658354,0.015370068705876871
868,675,284,0.42074074074074075,0.015245055887833314
869,235,45,0.19148936170212766,0.01512018684534533
870,570,264,0.4631578947368421,0.014995461248084152
871,99,6,0.06060606060606061,0.01487087876685822
872,225,32,0.14222222222222222,0.014746439073607509
873,388,127,0.327319587628866,0.014622141841399205
874,127,9,0.07086614173228346,0.01449798674442171
875,130,20,0.15384615384615385,0.01437397345797975
876,286,73,0.25524475524475526,0.014250101658489944
877,346,51,0.14739884393063585,0.014126371023474249
878,81,0,0.0,0.014002781231557071
879,309,75,0.24271844660194175,0.013879331962457941
880,856,371,0.433411214953271,0.013756022896987963
881,251,80,0.3187250996015936,0.013632853717045035
882,468,173,0.3696581196581197,0.01350982410560786
883,306,60,0.19607843137254902,0.013386933746731722
884,284,73,0.25704225352112675,0.013264182325543716
885,2127,922,0.4334743770568876,0.013141569528237307
886,110,12,0.10909090909090909,0.01301909504206844
887,82,8,0.0975609756097561,0.012896758555349663
888,268,57,0.2126865671641791,0.012774559757446458
889,703,327,0.465149359886202,0.0126524983387718
890,475,133,0.28,0.01253057399078128
891,267,64,0.2397003745318352,0.012408786405969208
892,155,13,0.08387096774193549,0.012287135277863404
893,141,15,0.10638297872340426,0.012165620301020641
894,729,250,0.3429355281207133,0.012044241171021985
895,115,20,0.17391304347826086,0.011922997584468686
896,372,73,0.19623655913978494,0.01180188923897696
897,261,64,0.24521072796934865,0.011680915833173877
898,924,426,0.461038961038961,0.01156007706669282
899,157,23,0.1464968152866242,0.011439372640168699
900,335,109,0.3253731343283582,0.011318802255234295
901,367,118,0.3215258855585831,0.011198365614514483
902,247,36,0.145748987854251,0.011078062421623569
903,551,141,0.2558983666061706,0.010957892381159184
904,175,30,0.17142857142857143,0.010837855198699176
905,117,7,0.05982905982905983,0.01071795058079672
906,495,152,0.30707070707070705,0.010598178234976219
907,87,12,0.13793103448275862,0.010478537869728743
908,89,0,0.0,0.010359029194508151
909,82,6,0.07317073170731707,0.010239651919726644
910,851,383,0.4500587544065805,0.010120405756750328
911,215,38,0.17674418604651163,0.01000129041789588
912,829,402,0.48492159227985526,0.009882305616425335
913,204,34,0.16666666666666666,0.009763451066542195
914,190,17,0.08947368421052632,0.009644726483387989
915,245,72,0.2938775510204082,0.00952613158303739
916,232,41,0.17672413793103448,0.009407666082494659
917,328,89,0.27134146341463417,0.00928932969968932
918,67,3,0.04477611940298507,0.009171122153472155
919,255,38,0.14901960784313725,0.009053043163611108
920,105,6,0.05714285714285714,0.00893509245078783
921,171,44,0.2573099415204678,0.008817269736592692
922,2519,1099,0.43628423977768954,0.00869957474352201
923,213,52,0.24413145539906103,0.008582007194973373
924,586,185,0.31569965870307165,0.00846456681524188
925,263,63,0.23954372623574144,0.008347253329516358
926,138,13,0.09420289855072464,0.008230066463875696
927,289,101,0.3494809688581315,0.008113005945284413
928,728,286,0.39285714285714285,0.007996071501589541
929,131,6,0.04580152671755725,0.0078792628615163
930,801,342,0.42696629213483145,0.007762579754664323
931,117,35,0.29914529914529914,0.007646021911504652
932,63,6,0.09523809523809523,0.007529589063374975
933,256,51,0.19921875,0.007413280942476619
934,109,9,0.08256880733944955,0.007297097281870446
935,276,62,0.2246376811594203,0.007181037815473745
936,720,413,0.5736111111111111,0.007065102278055457
937,190,37,0.19473684210526315,0.006949290405233843
938,701,390,0.5563480741797432,0.006833601933472266
939,527,201,0.38140417457305503,0.0067180366000753056
940,240,55,0.22916666666666666,0.006602594143185758
941,185,31,0.16756756756756758,0.006487274301780532
942,412,122,0.2961165048543689,0.006372076815667871
943,2206,836,0.37896645512239346,0.0062570014254828
944,939,409,0.4355697550585729,0.006142047872684131
945,103,7,0.06796116504854369,0.006027215899551797
946,297,219,0.7373737373737373,0.005912505249181632
947,325,60,0.18461538461538463,0.0057979156654834885
948,94,9,0.09574468085106383,0.005683446893176791
949,242,45,0.1859504132231405,0.005569098677787987
950,169,13,0.07692307692307693,0.005454870765646436
951,245,70,0.2857142857142857,0.005340762903881413
952,112,6,0.05357142857142857,0.005226774840418447
953,362,85,0.23480662983425415,0.005112906323976096
954,236,59,0.25,0.004999157104063401
955,297,90,0.30303030303030304,0.004885526930974993
956,503,124,0.24652087475149106,0.0047720155557891
957,187,24,0.12834224598930483,0.004658622730363882
958,516,165,0.31976744186046513,0.004545348207333988
959,155,15,0.0967741935483871,0.004432191740107894
960,1271,599,0.47128245476003144,0.00431915308286368
961,75,0,0.0,0.004206231990546705
962,185,49,0.2648648648648649,0.0040934282188663795
963,74,0,0.0,0.003980741524292286
964,213,23,0.107981220657277,0.003868171664051845
965,519,197,0.37957610789980734,0.0037557183961267615
966,121,11,0.09090909090909091,0.0036433814792495856
967,64,0,0.0,0.003531160672901601
968,180,29,0.16111111111111112,0.0034190557373086072
969,157,29,0.18471337579617833,0.003307066433438699
970,70,3,0.04285714285714286,0.0031951925229987133
971,106,0,0.0,0.003083433768431343
972,240,75,0.3125,0.002971789932912028
973,145,20,0.13793103448275862,0.002860260780346069
974,249,27,0.10843373493975904,0.0027488460753657407
975,165,24,0.14545454545454545,0.0026375455833270722
976,161,23,0.14285714285714285,0.0025263590703067385
977,208,37,0.1778846153846154,0.0024152863030995064
978,287,74,0.2578397212543554,0.002304327049215571
979,729,286,0.39231824417009603,0.0021934810768762247
980,251,33,0.13147410358565736,0.002082748155012748
981,742,207,0.27897574123989216,0.001972128053262634
982,185,27,0.14594594594594595,0.0018616205419660359
983,118,6,0.05084745762711865,0.001751225392164657
984,84,6,0.07142857142857142,0.0016409423755970876
985,139,45,0.3237410071942446,0.0015307712646972504
986,499,210,0.42084168336673344,0.0014207118325907375
987,193,39,0.20207253886010362,0.0013107638530929222
988,202,33,0.16336633663366337,0.0012009271007050737
989,229,34,0.14847161572052403,0.0010912013506124696
990,640,237,0.3703125,0.0009815863786810652
991,913,479,0.524644030668127,0.0008720819614553843
992,635,343,0.5401574803149606,0.000762687876154633
993,112,47,0.41964285714285715,0.0006534039006715897
994,367,134,0.3651226158038147,0.0005442298135686086
995,994,296,0.2977867203219316,0.00043516539407528754
996,262,49,0.18702290076335878,0.00032621042208602624
997,2102,904,0.4300666032350143,0.00021736467815713922
998,154,33,0.21428571428571427,0.00010862794350441352
999,102,4,0.0392156862745098,0.0
